question,answer
"Inona ny renivohitr'i Madagasikara?","Ny renivohitr'i Madagasikara dia Antananarivo"
"Inona no anaran'ny nosy lehibe indrindra eto amin'ny Ranomasinbe Indianina?","I Madagasikara no nosy lehibe indrindra eto amin'ny Ranomasinbe Indianina"
"Inona ny loko amin'ny sainan'i Madagasikara?","Mainty, fotsy ary mena ny loko amin'ny saina Mala"
"Aiza no misy ny farihy Itasy?","Any amin'ny faritra afovoan'i Madagasikara no misy ny farihy Itasy?"
"Rahoviana no nahazo fahaleovan-tena i Madagasikara?","Ny 26 Jona 1960 no nahazo fahaleovan-tena i Madagasikara"
"Inona ny anaran'ny tendrombohitra avo indrindra eto Madagasikara?","Ny anaran'ny tendrombohitra avo indrindra eto Madagasikara dia Marojejy"
"Inona no biby malaza amin'ny maha-izy azy eto Madagasikara?","Maro ny biby izay mampiavaka an'i Madagasikara fa ny Gidro (lemur) no tena mampalaza azy"
"Aiza no misy ny tanànan'i Toamasina?","Ao atsinanan'i Madagasikara no misy azy"
"Inona ny rano lehibe indrindra eto Madagasikara?","Ao amin'ny Farihy Alaotra no misy azy"
"Inona no anaran'ny valan-javaboahary malaza amin'ny gidro eto Madagasikara?","Ao Andasibe-Mantadia no misy valan-javaboahary malaza amin'ny gidro"
"Inona ny anaran'ny tanàna malaza amin'ny hazo sokitra sy ny dihy?","Ambositra"
"Inona no atao hoe 'Ravinala'?","Hazo lehibe izay azo antsoina koa hoe 'Reniala'"
"Inona no anaran'ny Nosy fialan-tsasatra akaikin'i Nosy Be?","Nosy Komba"
"Inona ny anaran'ny renirano lava indrindra eto Madagasikara?","Reniranon'i Mangoky no lava indrindra eto Madagascar"
"Inona no anaran'ny fety lehibe amin'ny 26 jona?","Ny Fetin'ny Fahaleovantena no fety ankalazaina ny 26 jona"
"Inona ny anaran'ny tendrombohitra avo indrindra eto Madagasikara?","Maromokotro, izay mahatratra 2.876 metatra ao amin'ny massif Tsaratanana."
"Inona no renirano lehibe indrindra eto Madagasikara?","Ny Mangoky no lava indrindra, fa ny Betsiboka sy ny Tsiribihina kosa no anisan'ny lehibe indrindra."
"Inona no mampiavaka ny Farihy Alaotra?","Izy no farihy lehibe indrindra eto Madagasikara ary ahitana ny tany fambolena mamokatra indrindra."
"Inona no atao hoe 'Nosy Mena Lehibe'?","Anaram-bosotra nomena an'i Madagasikara noho ny lokon'ny tany latéritika mena."
"Firy isan-jaton'ny biby eto Madagasikara no tsy hita afa-tsy eto?","Maherin'ny sivy folo isanjato amin'ny biby mampinono sy ny biby mandady no endémique eto."
"Inona no anarana malagasy ho an'ny hazo Baobab?","Reniala na Renala, izay midika hoe 'renin'ny ala'."
"Inona no dikan'ny hoe 'Ravinala'?","Hazo lehibe izay fantatra amin'ny anarana hoe 'palmier du voyageur', sady marika nasionaly."
"Inona no biby mampinono mpiremby lehibe indrindra eto Madagasikara?","Ny Fosa, izay mihinana gidro sy biby kely hafa."
"Nahoana no heverina ho masina ny Gidro?","Araka ny angano, dia nisy gidro nanavotra zazalahy kely iray tamin'ny fianjerana avy tamin'ny hazo."
"Inona no sakafo malaza atao amin'ny ravin-tsinapy nototoina?","Ravitoto, izay aroso miaraka amin'ny henan-kisoa na henan'omby."
"Inona no zavamaneno tranainy vita amin'ny volotsangana sy tady vy?","Ny Valiha, izay heverina ho mariky ny mozika malagasy."
"Inona no zavamaneno toy ny sodina izay avy any Aostrôneziana?","Ny Sodina, izay zavamaneno tsotra vita amin'ny volotsangana na metaly."
"Inona no fomba fanao amin'ny fankalazana ny maty izay fantatra amin'ny anarana hoe 'Famadihana'?","Fomba fanao mankalaza ny razana izay mamerina ny razana ao anaty fasana."
"Inona no dikan'ny hoe 'Vodiondry'?","Fomba fifampitondrana nentim-paharazana alohan'ny fanambadiana."
"Inona no andro tsara indrindra hanombohana tetikasa, araka ny finoana malagasy?","Ny Alakamisy, satria izy no andro voalohany amin'ny kalandrie."
"Inona no mamaritra ny fitenin'ny Malagasy?","Fiteny malayo-polineziana avy any Azia Atsimo Atsinanana ny fiteny malagasy."
"Inona no anaran'ny renivohitra ara-toekarenan'i Madagasikara?","Toamasina no renivohitra ara-toekarenan'i Madagasikara."
"Inona no anarana malagasy amin'ny tendrombohitra hazo sokitra sy dihy?","Ambositra, izay fantatra amin'ny asa tanana ary ny dihy, no anarana malagasy amin'io tendrombohitra io."
"Inona no fiantraikan'ny fahantrana eo amin'ny tontolo iainana eto Madagasikara?","Ny fahantrana dia mitarika amin'ny fanapahana ala be loatra, izay miteraka fahaverezan'ny voly."
"Inona no atao hoe 'Ranonapango'?","Zava-pisotro misy rano vita amin'ny vary may izay matetika manolo ny rano amin'ny fotoam-pisakafoanana."
"Iza no filoha voalohany teto Madagasikara?","Ny filoha voalohany teto Madagasikara dia Philibert Tsiranana."
"Inona no fiteny ofisialy eto Madagasikara?","Ny fiteny ofisialy eto Madagasikara dia ny Malagasy sy ny Frantsay."
"Aiza no misy an’i Nosy Be?","Any avaratra andrefan’i Madagasikara no misy an’i Nosy Be."
"Inona no sakafo tena malaza amin’ny faritra atsimo?","Ny mofo gasy sy ny koba akondro no tena malaza any atsimo."
"Iza no mpanjaka vehivavy malaza tamin’ny tantaran’i Madagasikara?","Ranavalona I no mpanjaka vehivavy malaza indrindra."
"Inona no atao hoe hira gasy?","Hira sy dihy nentim-paharazana malagasy izay atao amin’ny lanonana."
"Inona no anaran’ny seranan-tsambo lehibe indrindra eto Madagasikara?","Toamasina no seranan-tsambo lehibe indrindra."
"Inona no fomban-drazana amin’ny fanambadiana malagasy?","Misy ny vodiondry sy ny fanateram-bodiondry amin’ny fanambadiana."
"Aiza no misy ny lemur sifaka?","Any amin’ny faritra andrefana sy avaratra andrefana no ahitana azy betsaka."
"Inona no atao hoe kabary?","Kabary dia lahateny nentim-paharazana amin’ny fety sy lanonana."
"Inona no anaran’ny fety manamarika ny taom-baovao malagasy?","Alahamady be no anaran’ny fety manamarika ny taom-baovao."
"Inona no zavamaniry manamarika an’i Madagasikara?","Ny Ravinala na palmier du voyageur no manamarika an’i Madagasikara."
"Iza no mpanoratra malagasy malaza amin’ny literatiora?","Jean-Joseph Rabearivelo no iray amin’ireo mpanoratra malaza."
"Inona no atao hoe famadihana?","Fomba fanao amin’ny famerenana ny razana ao anaty fasana."
"Aiza no misy ny valan-javaboahary Ranomafana?","Any amin’ny faritra atsimo atsinanan’i Madagasikara no misy azy."
"Inona no biby manan-danja amin’ny kolontsaina malagasy?","Ny omby no biby manan-danja amin’ny kolontsaina malagasy."
"Inona no anaran’ny renirano fohy indrindra eto Madagasikara?","Ny reniranon’i Mananjary no fohy indrindra."
"Inona no atao hoe tsapiky?","Karazana mozika sy dihy avy any atsimo andrefana."
"Aiza no misy ny tanànan’i Fianarantsoa?","Any amin’ny faritra afovoan’ny nosy no misy an’i Fianarantsoa."
"Inona no anaran’ny hazo lehibe hita any Morondava?","Ny baobab no hazo lehibe hita any Morondava."
"Inona no anaran'ny nosy kely manodidina an'i Madagasikara?","Nosy Komba, Nosy Tanikely, Nosy Sakatia, sns."
"Inona no atao hoe 'zebu'?","Karazana omby manana tandroka miolikolika, manan-danja amin'ny fiainana malagasy."
"Aiza no misy ny tanànan'i Mahajanga?","Any avaratra andrefan'i Madagasikara no misy azy."
"Inona no anaran'ny renirano lehibe any atsimo andrefana?","Onilahy no renirano lehibe any atsimo andrefana."
"Inona no atao hoe 'fihavanana'?","Fifandraisana sy firaisankina eo amin'ny samy Malagasy."
"Inona no anaran'ny havoana fito ao Antananarivo?","Analamanga, Ambohimanga, Antsahadinta, Ilafy, Namehana, Ambohidratrimo, Alasora."
"Inona no anaran'ny fiteny hafa ampiasaina eto Madagasikara?","Betsimisaraka, Sakalava, Merina, sns."
"Inona no atao hoe 'sampy'?","Zavatra masina na fady amin'ny kolontsaina malagasy."
"Aiza no misy ny valan-javaboahary Andohahela?","Any atsimo atsinanan'i Madagasikara."
"Inona no anaran'ny tanàna lehibe any avaratra?","Antsiranana no tanàna lehibe any avaratra."
"Inona no atao hoe 'hasina'?","Hery masina sy fanajana amin'ny fomban-drazana."
"Inona no anaran'ny fety amin'ny fahavaratra?","Fetin'ny taom-baovao na Alahamady."
"Inona no anaran'ny biby manidina lehibe indrindra eto Madagasikara?","Voromahery na Pygargue de Madagascar."
"Inona no atao hoe 'fady'?","Zavatra tsy azo atao na voarara amin'ny kolontsaina malagasy."
"Aiza no misy ny tanànan'i Morondava?","Any andrefan'i Madagasikara."
"Inona no anaran'ny hazo maniry amin'ny tany maina?","Kily, baobab, sns."
"Inona no atao hoe 'tromba'?","Fombafomba fidiran'ny fanahy amin'ny olona."
"Inona no anaran'ny biby kely manidina amin'ny alina?","Fanihy."
"Inona no anaran'ny tanàna lehibe any atsimo?","Toliara no tanàna lehibe any atsimo."
"Inona no anaran'ny fombafomba amin'ny fahaterahana?","Fanasana, famorana, sns."
"Inona no anaran'ny renirano manasaraka an'i Madagasikara amin'ny nosy kely?","Reniranon'i Sambirano."
"Inona no atao hoe 'koba'?","Sakafo vita amin'ny akondro sy voanjo."
"Inona no anaran'ny biby manan-danja amin'ny angano malagasy?","Gidro, fosa, amboadia, sns."
"Inona no anaran'ny tanàna manan-tantara amin'ny fomban-drazana?","Ambohimanga."
"Inona no atao hoe 'famorana'?","Fombafomba amin'ny famorana zaza lahy."
"Inona no anaran'ny fety amin'ny fahavaratra?","Alahamady be."
"Inona no anaran'ny biby an-dranomasina malaza eto Madagasikara?","Tantely, trondro, sns."
"Inona no anaran'ny tanàna lehibe any atsinanana?","Toamasina."
"Inona no atao hoe 'sakafo gasy'?","Sakafo nentim-paharazana malagasy."
"Inona no anaran'ny hazo maniry amin'ny faritra be orana?","Ravinala, hazo fotsy, sns."
"Inona no atao hoe 'fampitaha'?","Fombafomba amin'ny fifandraisana amin'ny razana."
"Inona no anaran'ny biby manan-danja amin'ny fomban-drazana?","Omby."
"Inona no anaran'ny tanàna lehibe any afovoany?","Antananarivo."
"Inona no atao hoe 'fampanambadiana'?","Fombafomba amin'ny fanambadiana."
"Inona no anaran'ny fety amin'ny fahavaratra?","Alahamady."
"Inona no anaran'ny biby manan-danja amin'ny fomban-drazana?","Gidro."
"Inona no anaran'ny tanàna lehibe any avaratra andrefana?","Mahajanga."
"Inona no atao hoe 'fampandrosoana'?","Fampivoarana ny fiainam-bahoaka."
"Inona no anaran'ny fety amin'ny fahavaratra?","Alahamady."
"Inona no anaran'ny biby manan-danja amin'ny fomban-drazana?","Fosa."
"Inona no anaran'ny tanàna lehibe any atsimo andrefana?","Toliara."
"Inona no atao hoe 'fampianarana'?","Fanabeazana sy fizarana fahalalana."
"Inona no anaran'ny fety amin'ny fahavaratra?","Alahamady."
"Inona no anaran'ny biby manan-danja amin'ny fomban-drazana?","Amboadia."
"Inona no anaran'ny tanàna lehibe any atsinanana?","Toamasina."
"Inona no atao hoe 'fampianarana'?","Fanabeazana sy fizarana fahalalana."
"Inona no anaran'ny fety amin'ny fahavaratra?","Alahamady."
"Inona no anaran'ny biby manan-danja amin'ny fomban-drazana?","Fanihy."
"Inona no anaran'ny tanàna lehibe any afovoany?","Antananarivo."
"Inona no atao hoe 'fampianarana'?","Fanabeazana sy fizarana fahalalana."
"Inona no anaran'ny fety amin'ny fahavaratra?","Alahamady."
"Inona no anaran'ny biby manan-danja amin'ny fomban-drazana?","Voromahery."
"Inona no anaran'ny tanàna lehibe any avaratra?","Antsiranana."
"Inona no atao hoe 'fampianarana'?","Fanabeazana sy fizarana fahalalana."
"Inona no anaran'ny fety amin'ny fahavaratra?","Alahamady."
"Inona no anaran'ny biby manan-danja amin'ny fomban-drazana?","Tantely."
"Inona no anaran'ny tanàna lehibe any atsimo?","Toliara."
"Inona no atao hoe 'fampianarana'?","Fanabeazana sy fizarana fahalalana."
"Inona no anaran'ny fety amin'ny fahavaratra?","Alahamady."
"Inona no anaran'ny biby manan-danja amin'ny fomban-drazana?","Trondro."
"Inona no anaran'ny tanàna lehibe any atsinanana?","Toamasina."
"Inona no atao hoe 'fampianarana'?","Fanabeazana sy fizarana fahalalana."
"Inona no anaran'ny fety amin'ny fahavaratra?","Alahamady."
"Inona no anaran'ny biby manan-danja amin'ny fomban-drazana?","Kily."
"Inona no anaran'ny tanàna lehibe any afovoany?","Antananarivo."
"Inona no atao hoe 'fampianarana'?","Fanabeazana sy fizarana fahalalana."
"Inona no anaran'ny fety amin'ny fahavaratra?","Alahamady."
"Inona no anaran'ny biby manan-danja amin'ny fomban-drazana?","Baobab."
"Inona no anaran'ny tanàna lehibe any avaratra andrefana?","Mahajanga."
"Inona no atao hoe 'fampianarana'?","Fanabeazana sy fizarana fahalalana."
"Inona no anaran'ny fety amin'ny fahavaratra?","Alahamady."
"Inona no anaran'ny biby manan-danja amin'ny fomban-drazana?","Ravinala."
"Inona no anaran'ny tanàna lehibe any atsimo andrefana?","Toliara."
"Inona no atao hoe 'fampianarana'?","Fanabeazana sy fizarana fahalalana."
"Inona no anaran'ny fety amin'ny fahavaratra?","Alahamady."
"Inona no anaran'ny biby manan-danja amin'ny fomban-drazana?","Sakalava."
"Inona no anaran'ny tanàna lehibe any atsinanana?","Toamasina."
"Inona no atao hoe 'fampianarana'?","Fanabeazana sy fizarana fahalalana."
"Inona no anaran'ny fety amin'ny fahavaratra?","Alahamady."
"Inona no anaran'ny biby manan-danja amin'ny fomban-drazana?","Betsimisaraka."
"Inona no anaran'ny tanàna lehibe any afovoany?","Antananarivo."
"Inona no atao hoe 'fampianarana'?","Fanabeazana sy fizarana fahalalana."
"Inona no anaran'ny fety amin'ny fahavaratra?","Alahamady."
"Inona no anaran'ny biby manan-danja amin'ny fomban-drazana?","Merina."
"Inona no anaran'ny tanàna lehibe any avaratra?","Antsiranana."
"Inona no atao hoe 'fampianarana'?","Fanabeazana sy fizarana fahalalana."
"Inona no anaran'ny fety amin'ny fahavaratra?","Alahamady."
"Inona no anaran'ny biby manan-danja amin'ny fomban-drazana?","Bara."
"Inona no anaran'ny tanàna lehibe any atsimo?","Toliara."
"Inona no atao hoe 'fampianarana'?","Fanabeazana sy fizarana fahalalana."
"Inona no anaran'ny fety amin'ny fahavaratra?","Alahamady."
"Inona no anaran'ny biby manan-danja amin'ny fomban-drazana?","Antandroy."
"Inona no anaran'ny tanàna lehibe any atsinanana?","Toamasina."
"Inona no atao hoe 'fampianarana'?","Fanabeazana sy fizarana fahalalana."
"Inona no anaran'ny fety amin'ny fahavaratra?","Alahamady."
"Inona no anaran'ny biby manan-danja amin'ny fomban-drazana?","Betsileo."
"Inona no anaran'ny tanàna lehibe any afovoany?","Antananarivo."
"Inona no atao hoe 'fampianarana'?","Fanabeazana sy fizarana fahalalana."
"Inona no anaran'ny fety amin'ny fahavaratra?","Alahamady."
"Inona no anaran'ny biby manan-danja amin'ny fomban-drazana?","Tsimihety."
"Inona no anaran'ny tanàna lehibe any avaratra andrefana?","Mahajanga."
"Inona no atao hoe 'fampianarana'?","Fanabeazana sy fizarana fahalalana."
"Inona no anaran'ny fety amin'ny fahavaratra?","Alahamady."
"Inona no anaran'ny biby manan-danja amin'ny fomban-drazana?","Sihanaka."
"Inona no anaran'ny tanàna lehibe any atsimo andrefana?","Toliara."
"Inona no atao hoe 'fampianarana'?","Fanabeazana sy fizarana fahalalana."
"Inona no anaran'ny fety amin'ny fahavaratra?","Alahamady."
"Inona no anaran'ny biby manan-danja amin'ny fomban-drazana?","Antakarana."
"Inona no anaran'ny tanàna lehibe any atsinanana?","Toamasina."
"Inona no atao hoe 'fampianarana'?","Fanabeazana sy fizarana fahalalana."
"Inona no anaran'ny fety amin'ny fahavaratra?","Alahamady."
"Inona no anaran'ny biby manan-danja amin'ny fomban-drazana?","Vezo."
"Inona no anaran'ny tanàna lehibe any afovoany?","Antananarivo."
"Inona no atao hoe 'fampianarana'?","Fanabeazana sy fizarana fahalalana."
"Inona no anaran'ny fety amin'ny fahavaratra?","Alahamady."
"Inona no anaran'ny biby manan-danja amin'ny fomban-drazana?","Tanala."
"Inona no anaran'ny tanàna lehibe any avaratra?","Antsiranana."
"Inona no atao hoe 'fampianarana'?","Fanabeazana sy fizarana fahalalana."
"Inona no anaran'ny fety amin'ny fahavaratra?","Alahamady."
"Inona no anaran'ny biby manan-danja amin'ny fomban-drazana?","Betsileo."
"Inona no anaran'ny tanàna lehibe any atsimo?","Toliara."
"Inona no atao hoe 'fampianarana'?","Fanabeazana sy fizarana fahalalana."
"Inona no anaran'ny fety amin'ny fahavaratra?","Alahamady."
"Inona no anaran'ny biby manan-danja amin'ny fomban-drazana?","Sakalava."
"Inona no anaran'ny tanàna lehibe any atsinanana?","Toamasina."
"Inona no atao hoe 'fampianarana'?","Fanabeazana sy fizarana fahalalana."
"Inona no anaran'ny fety amin'ny fahavaratra?","Alahamady."
"Inona no anaran'ny biby manan-danja amin'ny fomban-drazana?","Betsimisaraka."
"Inona no anaran'ny tanàna lehibe any afovoany?","Antananarivo."
"Inona no atao hoe 'fampianarana'?","Fanabeazana sy fizarana fahalalana."
"Inona no anaran'ny fety amin'ny fahavaratra?","Alahamady."
"Inona no anaran'ny biby manan-danja amin'ny fomban-drazana?","Merina."
"Inona no anaran'ny tanàna lehibe any avaratra?","Antsiranana."
"Inona no atao hoe 'fampianarana'?","Fanabeazana sy fizarana fahalalana."
"Inona no anaran'ny fety amin'ny fahavaratra?","Alahamady."
"Inona no anaran'ny biby manan-danja amin'ny fomban-drazana?","Bara."
"Inona no anaran'ny tanàna lehibe any atsimo?","Toliara."
"Inona no atao hoe 'fampianarana'?","Fanabeazana sy fizarana fahalalana."
"Inona no anaran'ny fety amin'ny fahavaratra?","Alahamady."
"Inona no anaran'ny biby manan-danja amin'ny fomban-drazana?","Antandroy."
"Inona no anaran'ny tanàna lehibe any atsinanana?","Toamasina."
"Inona no atao hoe 'fampianarana'?","Fanabeazana sy fizarana fahalalana."
"Inona no anaran'ny fety amin'ny fahavaratra?","Alahamady."
"Inona no anaran'ny biby manan-danja amin'ny fomban-drazana?","Betsileo."
"Inona no anaran'ny tanàna lehibe any afovoany?","Antananarivo."
"Inona no atao hoe 'fampianarana'?","Fanabeazana sy fizarana fahalalana."
"Inona no anaran'ny fety amin'ny fahavaratra?","Alahamady."
"Inona no anaran'ny biby manan-danja amin'ny fomban-drazana?","Tsimihety."
"Inona no anaran'ny tanàna lehibe any avaratra andrefana?","Mahajanga."
"Inona no atao hoe 'fampianarana'?","Fanabeazana sy fizarana fahalalana."
"Inona no anaran'ny fety amin'ny fahavaratra?","Alahamady."
"Inona no anaran'ny biby manan-danja amin'ny fomban-drazana?","Sihanaka."
"Inona no anaran'ny tanàna lehibe any atsimo andrefana?","Toliara."
"Inona no atao hoe 'fampianarana'?","Fanabeazana sy fizarana fahalalana."
"Inona no anaran'ny fety amin'ny fahavaratra?","Alahamady."
"Inona no anaran'ny biby manan-danja amin'ny fomban-drazana?","Antakarana."
"Inona no anaran'ny tanàna lehibe any atsinanana?","Toamasina."
"Inona no atao hoe 'fampianarana'?","Fanabeazana sy fizarana fahalalana."
"Inona no anaran'ny fety amin'ny fahavaratra?","Alahamady."
"Inona no anaran'ny biby manan-danja amin'ny fomban-drazana?","Vezo."
"Inona no anaran'ny tanàna lehibe any afovoany?","Antananarivo."
"Inona no atao hoe 'fampianarana'?","Fanabeazana sy fizarana fahalalana."
"Inona no anaran'ny fety amin'ny fahavaratra?","Alahamady."
"Inona no anaran'ny biby manan-danja amin'ny fomban-drazana?","Tanala."
