step,train_loss,val_loss,lr
0,9.0487,9.0542,0.00e+00
0,8.3165,8.3117,0.00e+00
250,5.4366,5.5417,2.99e-04
500,4.9463,5.1225,2.95e-04
750,4.6451,4.9600,2.88e-04
1000,4.4155,4.8632,2.77e-04
1250,4.2375,4.8161,2.62e-04
1500,4.0770,4.7992,2.45e-04
1750,3.9493,4.8150,2.26e-04
2000,3.8086,4.8181,2.05e-04
2250,3.7130,4.8652,1.83e-04
2500,3.6047,4.8856,1.60e-04
2750,3.5228,4.9169,1.36e-04
3000,3.4520,4.9493,1.14e-04
3250,3.3807,4.9493,9.21e-05
3500,3.3433,4.9758,7.20e-05
3750,3.2863,4.9905,5.41e-05
4000,3.2693,5.0214,3.88e-05
4250,3.2294,5.0227,2.64e-05
4500,3.2339,5.0346,1.74e-05
4750,3.2158,5.0403,1.19e-05
4999,3.2052,5.0460,1.00e-05
